LastName,FirstName,MiddleName,DOB,Gender,Citizenship,DocNumber,DocType,DocCountry,DocNumber2,DocType2,DocCountry2,PNR,Seat,EmbarkPort,DebarkPort,Address,City,State,ZIP,PhotoName,UID,TargetPhoto
Baudin,Nonnah,Ileana,2/23/1969,F,USA,24945625Q,P,USA,,,,SGHVVP,,,,,Linz,,75048,,47861639,001_03.jpg
Georas,Alisha,Ebonee,2/13/1982,M,USA,95582855P,P,USA,,,,FXLPIN,,,,,Vancouver,,45214,,16075753,002_03.jpg
Krystle,Vivia,Aryn,1/13/1978,F,USA,98971684S,P,USA,,,,QIPOAY,,,,,Road Town,,15586,,98831821,003_03.jpg
Dorcy,Sharlene,Merry,6/1/1962,M,USA,35305327V,P,USA,,,,NYPJTY,,,,,Yakutsk,,98279,,89212308,004_03.jpg
Hourigan,Sallie,Kimmy,9/4/1977,M,USA,94223776I,P,USA,,,,GGFNOC,,,,,Caracas,,75557,,99304194,005_03.jpg
Atcliffe,Mahalia,Sam,11/9/1984,M,USA,21643905V,P,USA,,,,LSMIDL,,,,,Panama City,,85311,,91357865,006_03.jpg
Trinetta,Sharai,Sherrie,11/12/1978,F,USA,36587409B,P,USA,,,,NXBZUO,,,,,Baghdad,,59988,,13711875,007_03.jpg
Love,Kristan,Ardys,2/18/1978,F,USA,80723763U,P,USA,,,,OMCIBK,,,,,Tianjin,,53105,,41571202,008_03.jpg
Bertold,Libbie,Barbara,1/1/1980,F,USA,91879707D,P,USA,,,,IFNWOK,,,,,Roseau,,95225,,86380152,009_03.jpg
Bates,Jessamyn,Blondelle,5/5/1964,M,USA,41599223G,P,USA,,,,CPMPQQ,,,,,Johannesburg,,39508,,87582277,010_03.jpg
Maribeth,Kimmy,Doro,1/26/1962,M,USA,62010677H,P,USA,,,,HRZJUT,,,,,Castries,,58175,,24845712,011_03.jpg
Bultman,Emylee,Luci,1/20/1962,M,USA,04692638T,P,USA,,,,QVRZRI,,,,,Minneapolis,,92071,,24007909,012_03.jpg
Dex,Calla,Zsa Zsa,2/13/1968,M,USA,35692984X,P,USA,,,,UZYSWG,,,,,Cebu City,,63808,,26225874,013_03.jpg
Carri,Briney,Anallese,4/7/1964,M,USA,19730346T,P,USA,,,,CJHBTE,,,,,Düsseldorf,,57862,,82134935,014_03.jpg
Leopold,Chloris,Margarette,10/20/1991,F,USA,00063970W,P,USA,,,,QNIMVW,,,,,Batticaloa,,87359,,19324315,016_03.jpg
Cressida,Isa,Cristine,7/26/1982,F,USA,08879522N,P,USA,,,,VWXBRH,,,,,Gdańsk,,36995,,23306527,017_03.jpg
Ehrman,Karina,Sam,7/11/1998,F,USA,24515735J,P,USA,,,,TPWQTK,,,,,Atlanta,,1529,,17600472,018_03.jpg
Colp,Kittie,Johna,7/6/1969,M,USA,63714150E,P,USA,,,,ICUCUT,,,,,Abidjan,,53413,,68582903,019_03.jpg
Latini,Frances,Alleen,7/10/1989,F,USA,08936129Z,P,USA,,,,EIMTQH,,,,,Albuquerque,,55461,,13253017,020_03.jpg
Ader,Ethel,Ardenia,4/14/1966,F,USA,18692001K,P,USA,,,,QSUQGS,,,,,Naypyidaw,,34398,,14061602,021_03.jpg
Lorengo,Michael,Josheph,01/011966,M,USA,19203892Z,P,USA,,,,WKFJDK,,,,,Las Vegas,,89102,,12038433,mike.lorengo.jpg
Lalitta,Nerta,Averyl,4/12/1985,F,USA,22249226G,P,USA,,,,RSRUIR,,,,,Havana,,67036,,31049890,022_03.jpg
Pernick,Liana,Pearline,5/5/1998,F,USA,90888801A,P,USA,,,,XAGBHQ,,,,,Dongguan,,52528,,34306375,024_03.jpg
Erb,Celene,Lorie,11/24/1990,M,USA,23210021Z,P,USA,,,,MUUUHD,,,,,Minneapolis,,62890,,33120576,025_03.jpg
Gualtiero,Ezmeralda,Randa,5/8/1981,M,USA,22403972J,P,USA,,,,ETREXR,,,,,Tbilisi,,2903,,36225482,026_03.jpg
Felecia,Bertine,Viki,9/23/1984,M,USA,85270033J,P,USA,,,,YRAPKM,,,,,Port Louis,,16153,,96415289,027_03.jpg
Diann,Belinda,Fawne,10/14/1977,M,USA,76252157O,P,USA,,,,TBKIQY,,,,,Nagoya,,20092,,28551735,029_03.jpg
Ariella,Hettie,Gianina,6/12/1967,M,USA,43275031G,P,USA,,,,LXFXWS,,,,,Cairns,,93080,,74481723,030_03.jpg
